nivel_max_rio,humedad_aire,vel_viento,temperatura,precipitacion,nivel_min_rio,dir_viento,temp_max_aire,nivel_inst_rio,temp_min_aire,pres_atmosferica,codigoestacion,nivel_max_riohumedad_aire,nivel_max_riovel_viento,nivel_max_riotemperatura,nivel_max_rioprecipitacion,nivel_max_rionivel_min_rio,nivel_max_riodir_viento,nivel_max_riotemp_max_aire,nivel_max_rionivel_inst_rio,nivel_max_riotemp_min_aire,nivel_max_riopres_atmosferica,humedad_airevel_viento,humedad_airetemperatura,humedad_aireprecipitacion,humedad_airenivel_min_rio,humedad_airedir_viento,humedad_airetemp_max_aire,humedad_airenivel_inst_rio,humedad_airetemp_min_aire,humedad_airepres_atmosferica,vel_vientotemperatura,vel_vientoprecipitacion,vel_vientonivel_min_rio,vel_vientodir_viento,vel_vientotemp_max_aire,vel_vientonivel_inst_rio,vel_vientotemp_min_aire,vel_vientopres_atmosferica,temperaturaprecipitacion,temperaturanivel_min_rio,temperaturadir_viento,temperaturatemp_max_aire,temperaturanivel_inst_rio,temperaturatemp_min_aire,temperaturapres_atmosferica,precipitacionnivel_min_rio,precipitaciondir_viento,precipitaciontemp_max_aire,precipitacionnivel_inst_rio,precipitaciontemp_min_aire,precipitacionpres_atmosferica,nivel_min_riodir_viento,nivel_min_riotemp_max_aire,nivel_min_rionivel_inst_rio,nivel_min_riotemp_min_aire,nivel_min_riopres_atmosferica,dir_vientotemp_max_aire,dir_vientonivel_inst_rio,dir_vientotemp_min_aire,dir_vientopres_atmosferica,temp_max_airenivel_inst_rio,temp_max_airetemp_min_aire,temp_max_airepres_atmosferica,nivel_inst_riotemp_min_aire,nivel_inst_riopres_atmosferica,temp_min_airepres_atmosferica,Level Deforestation,Level Illicit Use,Level Ecocidios,Level Environment Pollution,latitud,longitud,municipio
0,0.056,-0.594,-0.18,0.385,0,-0.096,-0.319,0,-0.263,0.0,24035340,0.0,0.0,0.0,0.0,0.0,0.0,0.0,0.0,0.0,0.0,-0.208,-0.81,0.0,0.0,0.0,0.0,0.0,0.0,0.436,0.353,0.2,0.0,-0.037,0.225,0.0,0.291,0.049,0.206,0.0,-0.433,-0.01,0.0,0.045,0.005,0.0,0.127,-0.018,0.0,-0.011,0.311,0.0,0.0,0.0,0.0,0.0,0.403,0.0,0.4,-0.4,0.0,0.991,0.493,0.0,0.0,0.54,-0.2,-0.3,-9.6,-9.5,5.676944444,-72.96791667,SOGAMOSO
0,0,0,0,0,0,0,0,0.008,0,0,3502700147,0.0,0.0,0.0,0.0,0.0,0.0,0.0,0.0,0.0,0.0,0.0,0.0,0.0,0.0,0.0,0.0,0.0,0.0,0.0,0.0,0.0,0.0,0.0,0.0,0.0,0.0,0.0,0.0,0.0,0.0,0.0,0.0,0.0,0.0,0.0,0.0,0.0,0.0,0.0,0.0,0.0,0.0,0.0,0.0,0.0,0.0,0.0,0.0,0.0,0.0,0.0,0.0,0.0,0.0,0.0,-0.8,1.7,-0.6,-0.1,4.21602,-73.81577,GUAYABETAL
0,0.006,0,-0.041,-0.25,0,0,-0.148,0,-0.093,0,2403000117,0.0,0.0,0.0,0.0,0.0,0.0,0.0,0.0,0.0,0.0,0.0,-0.056,0.0,0.0,0.0,0.0,0.0,0.0,0.0,0.0,0.0,0.0,0.0,0.0,0.0,0.0,0.0,0.271,0.0,0.0,0.38,0.0,0.403,0.0,0.0,0.0,-0.259,0.0,-0.232,0.0,0.0,0.0,0.0,0.0,0.0,0.0,0.0,0.0,0.0,0.0,0.962,0.0,0.0,0.0,0.0,-1.3,-1.4,-6.9,-7.0,6.447166667,-72.497694444,GUACAMAYAS
0,0,-0.087,-0.077,0,0,0.166,-0.182,0,-0.141,0.0,35060210,0.0,0.0,0.0,0.0,0.0,0.0,0.0,0.0,0.0,0.0,0.0,0.0,0.0,0.0,0.0,0.0,0.0,0.0,0.0,0.16,0.0,0.0,-0.349,0.359,0.0,0.337,-0.823,0.0,0.0,0.454,0.999,0.0,0.997,0.526,0.0,0.0,0.0,0.0,0.0,0.0,0.0,0.0,0.0,0.0,0.0,-0.318,0.0,-0.249,0.85,0.0,0.984,-0.88,0.0,0.0,-0.876,-0.8,-0.9,-9.4,-9.4,4.65025,-73.64144444,JUNÍN
0,0.0,0,-0.042,0,0,0,0,0,0,0,3502500135,0.0,0.0,0.0,0.0,0.0,0.0,0.0,0.0,0.0,0.0,0.0,0.0,0.0,0.0,0.0,0.0,0.0,0.0,0.0,0.0,0.0,0.0,0.0,0.0,0.0,0.0,0.0,0.0,0.0,0.0,0.679,0.0,0.487,0.0,0.0,0.0,0.0,0.0,0.0,0.0,0.0,0.0,0.0,0.0,0.0,0.0,0.0,0.0,0.0,0.0,0.907,0.0,0.0,0.0,0.0,-1.2,1.3,-0.6,-0.2,4.22553,-73.81481,GUAYABETAL
0,0,1,0,0,0,-0.169,0,0,0,0,23065120,0.0,0.0,0.0,0.0,0.0,0.0,0.0,0.0,0.0,0.0,0.0,0.0,0.0,0.0,0.0,0.0,0.0,0.0,0.0,-0.999,0.0,0.0,0.253,-0.112,0.0,-0.006,0.622,0.0,0.0,-0.756,0.0,0.0,0.277,-0.693,0.0,0.0,0.0,0.0,0.0,0.0,0.0,0.0,0.0,0.0,0.0,-0.387,0.0,-0.346,-0.674,0.0,0.975,-0.894,0.0,0.0,-0.904,0.1,0.9,-1.7,-1.0,5.141555556,-74.13936111,PACHO
0,0,0,0,1,0,0,0,0,0,0,35160000,0.0,0.0,0.0,0.0,0.0,0.0,0.0,0.0,0.0,0.0,0.0,0.0,0.0,0.0,0.0,0.0,0.0,0.0,0.0,0.0,0.0,0.0,0.0,0.0,0.0,0.0,0.0,0.0,0.0,0.0,0.0,0.0,0.0,0.0,0.0,0.0,0.0,0.0,0.0,0.0,0.0,0.0,0.0,0.0,0.0,0.0,0.0,0.0,0.0,0.0,0.0,0.0,0.0,0.0,0.0,0.4,1.6,-0.5,0.0,5.614277778,-72.86747222,SOGAMOSO
0,0,-0.626,-0.123,0,0,0,0,0,-0.116,0,35195060,0.0,0.0,0.0,0.0,0.0,0.0,0.0,0.0,0.0,0.0,0.0,0.0,0.0,0.0,0.0,0.0,0.0,0.0,0.0,0.988,-1.0,0.0,-0.43,-0.093,0.0,0.005,-0.529,-1.0,0.0,-0.502,0.831,0.0,0.902,-0.307,0.0,1.0,-1.0,0.0,-1.0,-1.0,0.0,0.0,0.0,0.0,0.0,-0.657,0.0,-0.187,-0.57,0.0,0.174,0.849,0.0,0.0,0.101,-0.3,1.1,-3.0,-2.5,5.523611111,-72.79097222,AQUITANIA
0,0,-0.31,0,0,0,0,-0.185,0,-0.119,-0.001,35235010,0.0,0.0,0.0,0.0,0.0,0.0,0.0,0.0,0.0,0.0,0.0,0.0,0.0,0.0,0.0,0.0,0.0,0.0,0.0,0.995,0.0,0.0,0.553,0.51,0.0,0.646,0.582,0.0,0.0,0.904,1.0,0.0,0.996,0.999,0.0,0.0,0.0,0.0,0.0,0.0,0.0,0.0,0.0,0.0,0.0,0.399,0.0,0.595,0.605,0.0,0.945,-0.447,0.0,0.0,-0.187,-1.1,-1.2,-6.6,-6.7,6.011666667,-72.52927778,SOCOTÁ
0,0,0.155,0,0,0,0,0,0,0,-0.0,35165000,0.0,0.0,0.0,0.0,0.0,0.0,0.0,0.0,0.0,0.0,0.0,0.0,0.0,0.0,0.0,0.0,0.0,0.0,0.0,0.0,0.0,0.0,0.245,-0.018,0.0,0.094,0.508,0.0,0.0,-0.632,0.866,0.0,0.655,0.132,0.0,0.0,0.0,0.0,0.0,0.0,0.0,0.0,0.0,0.0,0.0,0.453,0.0,0.418,-0.793,0.0,0.961,-0.836,0.0,0.0,-0.893,-0.3,0.8,-0.2,0.2,5.574972222,-72.941,CUÍTIVA
0,0,0,0,0,0,0,0,0.054,0,0,35167010,0.0,0.0,0.0,0.0,0.0,0.0,0.0,0.0,0.0,0.0,0.0,0.0,0.0,0.0,0.0,0.0,0.0,0.0,0.0,0.0,0.0,0.0,0.0,0.0,0.0,0.0,0.0,0.0,0.0,0.0,0.0,0.0,0.0,0.0,0.0,0.0,0.0,0.0,0.0,0.0,0.0,0.0,0.0,0.0,0.0,0.0,0.0,0.0,0.0,0.0,0.0,0.0,0.0,0.0,0.0,0.2,1.4,-0.5,0.0,5.584444444,-72.90008333,AQUITANIA
0,0,0,0,0,0,0,0,0.0,0,0,35167000,0.0,0.0,0.0,0.0,0.0,0.0,0.0,0.0,0.0,0.0,0.0,0.0,0.0,0.0,0.0,0.0,0.0,0.0,0.0,0.0,0.0,0.0,0.0,0.0,0.0,0.0,0.0,0.0,0.0,0.0,0.0,0.0,0.0,0.0,0.0,0.0,0.0,0.0,0.0,0.0,0.0,0.0,0.0,0.0,0.0,0.0,0.0,0.0,0.0,0.0,0.0,0.0,0.0,0.0,0.0,0.2,1.4,-0.5,0.0,5.545,-72.88411111,AQUITANIA
0,0,-0.268,-0.039,0,0,-0.744,0,0,0,0,35020300,0.0,0.0,0.0,0.0,0.0,0.0,0.0,0.0,0.0,0.0,0.0,0.0,0.0,0.0,0.0,0.0,0.0,0.0,0.0,-0.0,0.0,0.0,-0.049,0.365,0.0,0.704,-0.02,0.0,0.0,0.665,0.07,0.0,0.026,-0.084,0.0,0.0,0.0,0.0,0.0,0.0,0.0,0.0,0.0,0.0,0.0,-0.056,0.0,0.041,0.099,0.0,0.778,-0.847,0.0,0.0,-0.351,-0.1,1.1,-0.7,-0.2,4.253916667,-74.00269444,GUTIÉRREZ
0,0,0,0,0,0,-0.28,0,0,0,0,21205518,0.0,0.0,0.0,0.0,0.0,0.0,0.0,0.0,0.0,0.0,0.0,0.0,0.0,0.0,0.0,0.0,0.0,0.0,0.0,0.783,0.0,0.0,-0.256,0.0,0.0,0.0,-0.818,0.0,0.0,-0.515,0.0,0.0,0.0,-0.737,0.0,0.0,0.0,0.0,0.0,0.0,0.0,0.0,0.0,0.0,0.0,0.0,0.0,0.0,-0.29,0.0,0.0,0.0,0.0,0.0,0.0,0.6,1.8,-0.7,-0.1,5.17136111,-74.01566667,TAUSA
0,0,0,-0.069,0,0,0,0,0,0,0,21205525,0.0,0.0,0.0,0.0,0.0,0.0,0.0,0.0,0.0,0.0,0.0,0.0,0.0,0.0,0.0,0.0,0.0,0.0,0.0,-0.606,0.0,0.0,-0.779,0.0,0.0,0.0,0.435,0.0,0.0,0.841,0.0,0.0,0.0,-0.867,0.0,0.0,0.0,0.0,0.0,0.0,0.0,0.0,0.0,0.0,0.0,0.0,0.0,0.0,-0.279,0.0,0.0,0.0,0.0,0.0,0.0,0.6,1.8,-0.7,-0.1,5.22880556,-73.58475,VILLAPINZÓN
0,0,0,0,0,0,0,0,0.0,0,0,35217090,0.0,0.0,0.0,0.0,0.497,0.0,0.0,0.215,0.0,0.0,0.0,0.0,0.0,0.0,0.0,0.0,0.0,0.0,0.0,0.0,0.0,0.0,0.0,0.0,0.0,0.0,0.0,0.0,0.0,0.0,0.0,0.0,0.0,0.0,0.0,0.0,0.0,0.0,0.0,0.0,0.0,0.0,0.283,0.0,0.0,0.0,0.0,0.0,0.0,0.0,0.0,0.0,0.0,0.0,0.0,-1.3,2.9,-0.4,0.1,5.566916667,-72.58355556,LABRANZAGRANDE
0,0,0,0,0,0,0,0,0,0,0,35160020,0.0,0.0,0.0,0.0,0.0,0.0,0.0,0.0,0.0,0.0,0.0,0.0,0.0,0.0,0.0,0.0,0.0,0.0,0.0,0.0,0.0,0.0,0.0,0.0,0.0,0.0,0.0,0.0,0.0,0.0,0.0,0.0,0.0,0.0,0.0,0.0,0.0,0.0,0.0,0.0,0.0,0.0,0.0,0.0,0.0,0.0,0.0,0.0,0.0,0.0,0.0,0.0,0.0,0.0,0.0,0.4,1.6,-0.5,0.0,5.599722222,-72.91347222,CUÍTIVA
0,0,0,0,0,0,0,0,0,0,0,21205670,0.0,0.0,0.0,0.0,0.0,0.0,0.0,0.0,0.0,0.0,0.0,0.0,0.0,0.0,0.0,0.0,0.0,0.0,0.0,0.866,0.0,0.0,-0.05,-0.143,0.0,-0.179,-0.934,0.0,0.0,-0.285,0.993,0.0,0.5,-0.78,0.0,0.0,0.0,0.0,0.0,0.0,0.0,0.0,0.0,0.0,0.0,-0.419,0.0,-0.383,0.146,0.0,0.979,-0.895,0.0,0.0,-0.634,0.2,1.0,-1.6,-1.0,4.770888889,-74.43763889,ANOLAIMA
0,0,0,0,0,0,0,0,0,0,0,21205526,0.0,0.0,0.0,0.0,0.0,0.0,0.0,0.0,0.0,0.0,0.0,0.0,0.0,0.0,0.0,0.0,0.0,0.0,0.0,-0.548,0.0,0.0,0.63,0.0,0.0,0.0,-0.816,0.0,0.0,-0.254,0.0,0.0,0.0,0.854,0.0,0.0,0.0,0.0,0.0,0.0,0.0,0.0,0.0,0.0,0.0,0.0,0.0,0.0,-0.262,0.0,0.0,0.0,0.0,0.0,0.0,0.6,1.8,-0.7,-0.1,4.69052778,-74.38905556,TENA
0,0,0,0,0,0,0,0,0,0,0,21205519,0.0,0.0,0.0,0.0,0.0,0.0,0.0,0.0,0.0,0.0,0.0,0.0,0.0,0.0,0.0,0.0,0.0,0.0,0.0,0.803,0.0,0.0,0.208,0.0,0.0,0.0,-0.791,0.0,0.0,0.141,0.0,0.0,0.0,-0.977,0.0,0.0,0.0,0.0,0.0,0.0,0.0,0.0,0.0,0.0,0.0,0.0,0.0,0.0,-0.029,0.0,0.0,0.0,0.0,0.0,0.0,0.6,1.8,-0.7,-0.1,4.45211111,-74.27228806,SIBATÉ
0,0,0,0,0,0,0,0,0,0,0,21205511,0.0,0.0,0.0,0.0,0.0,0.0,0.0,0.0,0.0,0.0,0.0,0.0,0.0,0.0,0.0,0.0,0.0,0.0,0.0,0.637,0.0,0.0,-0.596,0.0,0.0,0.0,-0.757,0.0,0.0,-0.355,0.0,0.0,0.0,-0.73,0.0,0.0,0.0,0.0,0.0,0.0,0.0,0.0,0.0,0.0,0.0,0.0,0.0,0.0,0.35,0.0,0.0,0.0,0.0,0.0,0.0,0.6,1.8,-0.7,-0.1,5.00111111,-73.73333333,VILLAGÓMEZ
0,0,0,0,0,0,0,0,0,0,0,21205524,0.0,0.0,0.0,0.0,0.0,0.0,0.0,0.0,0.0,0.0,0.0,0.0,0.0,0.0,0.0,0.0,0.0,0.0,0.0,0.786,0.0,0.0,0.833,0.0,0.0,0.0,-0.809,0.0,0.0,0.761,0.0,0.0,0.0,-0.848,0.0,0.0,0.0,0.0,0.0,0.0,0.0,0.0,0.0,0.0,0.0,0.0,0.0,0.0,-0.614,0.0,0.0,0.0,0.0,0.0,0.0,0.6,1.8,-0.7,-0.1,5.07475,-74.05747222,ZIPAQUIRÁ
0,0,0,0,0,0,0,0,0,0,0,24015508,0.0,0.0,0.0,0.0,0.0,0.0,0.0,0.0,0.0,0.0,0.0,0.0,0.0,0.0,0.0,0.0,0.0,0.0,0.0,-0.522,0.0,0.0,-0.263,0.0,0.0,0.0,-0.107,0.0,0.0,0.27,0.0,0.0,0.0,-0.632,0.0,0.0,0.0,0.0,0.0,0.0,0.0,0.0,0.0,0.0,0.0,0.0,0.0,0.0,0.349,0.0,0.0,0.0,0.0,0.0,0.0,0.5,1.8,-0.7,-0.2,4.30811111,-74.28175,PASCA
0,0,0,0,0,0,0,0,0,0,0,21197701,0.0,0.0,0.0,0.0,0.0,0.0,0.0,0.0,0.0,0.0,0.0,0.0,0.0,0.0,0.0,0.0,0.0,0.0,0.0,0.0,0.0,0.0,0.0,0.0,0.0,0.0,0.0,0.0,0.0,0.0,0.0,0.0,0.0,0.0,0.0,0.0,0.0,0.0,0.0,0.0,0.0,0.0,0.0,0.0,0.0,0.0,0.0,0.0,0.0,0.0,0.0,0.0,0.0,0.0,0.0,0.6,1.8,-0.7,-0.1,4.31380556,-74.34177778,FUSAGASUGÁ
0,0,0,0,0,0,0,0,0,0,0,21207709,0.0,0.0,0.0,0.0,0.0,0.0,0.0,0.0,0.0,0.0,0.0,0.0,0.0,0.0,0.0,0.0,0.0,0.0,0.0,0.0,0.0,0.0,0.0,0.0,0.0,0.0,0.0,0.0,0.0,0.0,0.0,0.0,0.0,0.0,0.0,0.0,0.0,0.0,0.0,0.0,0.0,0.0,0.0,0.0,0.0,0.0,0.0,0.0,0.0,0.0,0.0,0.0,0.0,0.0,0.0,0.6,1.8,-0.7,-0.1,4.97601389,-73.99140556,ZIPAQUIRÁ
0,0,0,0,0,0,0,0,0,0,0,23067704,0.0,0.0,0.0,0.0,0.0,0.0,0.0,0.0,0.0,0.0,0.0,0.0,0.0,0.0,0.0,0.0,0.0,0.0,0.0,0.0,0.0,0.0,0.0,0.0,0.0,0.0,0.0,0.0,0.0,0.0,0.0,0.0,0.0,0.0,0.0,0.0,0.0,0.0,0.0,0.0,0.0,0.0,0.0,0.0,0.0,0.0,0.0,0.0,0.0,0.0,0.0,0.0,0.0,0.0,0.0,0.5,1.8,-0.7,-0.2,5.07425,-74.44947222,NIMAIMA
0,0,0,0,0,0,0,0,0,0,0,21207704,0.0,0.0,0.0,0.0,0.0,0.0,0.0,0.0,0.0,0.0,0.0,0.0,0.0,0.0,0.0,0.0,0.0,0.0,0.0,0.0,0.0,0.0,0.0,0.0,0.0,0.0,0.0,0.0,0.0,0.0,0.0,0.0,0.0,0.0,0.0,0.0,0.0,0.0,0.0,0.0,0.0,0.0,0.0,0.0,0.0,0.0,0.0,0.0,0.0,0.0,0.0,0.0,0.0,0.0,0.0,0.6,1.8,-0.7,-0.1,5.23758333,-73.59305556,VILLAPINZÓN
0,0,0,0,0,0,0,0,0,0,0,23067702,0.0,0.0,0.0,0.0,0.0,0.0,0.0,0.0,0.0,0.0,0.0,0.0,0.0,0.0,0.0,0.0,0.0,0.0,0.0,0.0,0.0,0.0,0.0,0.0,0.0,0.0,0.0,0.0,0.0,0.0,0.0,0.0,0.0,0.0,0.0,0.0,0.0,0.0,0.0,0.0,0.0,0.0,0.0,0.0,0.0,0.0,0.0,0.0,0.0,0.0,0.0,0.0,0.0,0.0,0.0,0.5,1.8,-0.7,-0.2,5.45794444,-74.41019444,NIMAIMA
0,0,0,0,0,0,0,0,0,0,0,23067210,0.0,0.0,0.0,0.0,0.0,0.0,0.0,0.0,0.0,0.0,0.0,0.0,0.0,0.0,0.0,0.0,0.0,0.0,0.0,0.0,0.0,0.0,0.0,0.0,0.0,0.0,0.0,0.0,0.0,0.0,0.0,0.0,0.0,0.0,0.0,0.0,0.0,0.0,0.0,0.0,0.0,0.0,0.0,0.0,0.0,0.0,0.0,0.0,0.0,0.0,0.0,0.0,0.0,0.0,0.0,0.5,1.8,-0.7,-0.2,5.07405556,-74.56322222,GUADUAS
0,0,0,0,0,0,0,0,0,0,0,21207707,0.0,0.0,0.0,0.0,0.0,0.0,0.0,0.0,0.0,0.0,0.0,0.0,0.0,0.0,0.0,0.0,0.0,0.0,0.0,0.0,0.0,0.0,0.0,0.0,0.0,0.0,0.0,0.0,0.0,0.0,0.0,0.0,0.0,0.0,0.0,0.0,0.0,0.0,0.0,0.0,0.0,0.0,0.0,0.0,0.0,0.0,0.0,0.0,0.0,0.0,0.0,0.0,0.0,0.0,0.0,0.6,1.8,-0.7,-0.1,4.97766667,-74.07166667,TABIO
0,0,0,0,0,0,0,0,0,0,0,21207703,0.0,0.0,0.0,0.0,0.0,0.0,0.0,0.0,0.0,0.0,0.0,0.0,0.0,0.0,0.0,0.0,0.0,0.0,0.0,0.0,0.0,0.0,0.0,0.0,0.0,0.0,0.0,0.0,0.0,0.0,0.0,0.0,0.0,0.0,0.0,0.0,0.0,0.0,0.0,0.0,0.0,0.0,0.0,0.0,0.0,0.0,0.0,0.0,0.0,0.0,0.0,0.0,0.0,0.0,0.0,0.6,1.8,-0.7,-0.1,4.45780556,-74.61188889,GIRARDOT
0,0,0,0,0,0,0,0,0,0,0,24017220,0.0,0.0,0.0,0.0,0.0,0.0,0.0,0.0,0.0,0.0,0.0,0.0,0.0,0.0,0.0,0.0,0.0,0.0,0.0,0.0,0.0,0.0,0.0,0.0,0.0,0.0,0.0,0.0,0.0,0.0,0.0,0.0,0.0,0.0,0.0,0.0,0.0,0.0,0.0,0.0,0.0,0.0,0.0,0.0,0.0,0.0,0.0,0.0,0.0,0.0,0.0,0.0,0.0,0.0,0.0,0.5,1.8,-0.7,-0.2,5.45,-73.9,LENGUAZAQUE
0,0,0,0,0,0,0,0,0,0,0,21207711,0.0,0.0,0.0,0.0,0.0,0.0,0.0,0.0,0.0,0.0,0.0,0.0,0.0,0.0,0.0,0.0,0.0,0.0,0.0,0.0,0.0,0.0,0.0,0.0,0.0,0.0,0.0,0.0,0.0,0.0,0.0,0.0,0.0,0.0,0.0,0.0,0.0,0.0,0.0,0.0,0.0,0.0,0.0,0.0,0.0,0.0,0.0,0.0,0.0,0.0,0.0,0.0,0.0,0.0,0.0,0.6,1.8,-0.7,-0.1,4.72393111,-73.94891139,LA CALERA
0,0,0,0,0,0,0,0,0,0,0,21205521,0.0,0.0,0.0,0.0,0.0,0.0,0.0,0.0,0.0,0.0,0.0,0.0,0.0,0.0,0.0,0.0,0.0,0.0,0.0,0.951,0.0,0.0,-0.841,0.0,0.0,0.0,-0.949,0.0,0.0,-0.879,0.0,0.0,0.0,-0.909,0.0,0.0,0.0,0.0,0.0,0.0,0.0,0.0,0.0,0.0,0.0,0.0,0.0,0.0,0.426,0.0,0.0,0.0,0.0,0.0,0.0,0.6,1.8,-0.7,-0.1,4.73780972,-73.93579389,LA CALERA
0,0,0,0,0,0,0,0,0,0,0,2403700149,0.0,0.0,0.0,0.0,0.981,0.0,0.0,0.808,0.0,0.0,0.0,0.0,0.0,0.0,0.0,0.0,0.0,0.0,0.0,0.0,0.0,0.0,0.0,0.0,0.0,0.0,0.0,0.0,0.0,0.0,0.0,0.0,0.0,0.0,0.0,0.0,0.0,0.0,0.0,0.0,0.0,0.0,0.652,0.0,0.0,0.0,0.0,0.0,0.0,0.0,0.0,0.0,0.0,0.0,0.0,-2.2,3.3,-0.5,-0.0,6.5607,-72.5012,CHISCAS
0,0,0,0,0,0,0,0,0,0,0,21205513,0.0,0.0,0.0,0.0,0.0,0.0,0.0,0.0,0.0,0.0,0.0,0.0,0.0,0.0,0.0,0.0,0.0,0.0,0.0,0.0,0.0,0.0,0.0,0.0,0.0,0.0,0.0,0.0,0.0,0.0,0.0,0.0,0.0,-1.0,0.0,0.0,0.0,0.0,0.0,0.0,0.0,0.0,0.0,0.0,0.0,0.0,0.0,0.0,0.0,0.0,0.0,0.0,0.0,0.0,0.0,0.6,1.8,-0.7,-0.1,4.50457667,-74.18418667,FUNZA
0,0,0,0,0,0,0,0,0,0,0,23067701,0.0,0.0,0.0,0.0,0.0,0.0,0.0,0.0,0.0,0.0,0.0,0.0,0.0,0.0,0.0,0.0,0.0,0.0,0.0,0.0,0.0,0.0,0.0,0.0,0.0,0.0,0.0,0.0,0.0,0.0,0.0,0.0,0.0,0.0,0.0,0.0,0.0,0.0,0.0,0.0,0.0,0.0,0.0,0.0,0.0,0.0,0.0,0.0,0.0,0.0,0.0,0.0,0.0,0.0,0.0,0.5,1.8,-0.7,-0.2,5.22875,-74.28063889,VILLAGÓMEZ
0,0,0,0,0,0,0,0,0,0,0,2403700148,0.0,0.0,0.0,0.0,0.954,0.0,0.0,0.775,0.0,0.0,0.0,0.0,0.0,0.0,0.0,0.0,0.0,0.0,0.0,0.0,0.0,0.0,0.0,0.0,0.0,0.0,0.0,0.0,0.0,0.0,0.0,0.0,0.0,0.0,0.0,0.0,0.0,0.0,0.0,0.0,0.0,0.0,0.354,0.0,0.0,0.0,0.0,0.0,0.0,0.0,0.0,0.0,0.0,0.0,0.0,-2.2,3.3,-0.5,-0.0,6.5704,-72.4703,CHISCAS
0,0,0,0,0,0,0,0,0,0,0,21207850,0.0,0.0,0.0,0.0,0.0,0.0,0.0,0.0,0.0,0.0,0.0,0.0,0.0,0.0,0.0,0.0,0.0,0.0,0.0,0.0,0.0,0.0,0.0,0.0,0.0,0.0,0.0,0.0,0.0,0.0,0.0,0.0,0.0,0.0,0.0,0.0,0.0,0.0,0.0,0.0,0.0,0.0,0.0,0.0,0.0,0.0,0.0,0.0,0.0,0.0,0.0,0.0,0.0,0.0,0.0,0.6,1.8,-0.7,-0.1,5.05,-73.91666667,NEMOCÓN
0,0,0,0,0,0,0,0,0,0,0,24017702,0.0,0.0,0.0,0.0,0.0,0.0,0.0,0.0,0.0,0.0,0.0,0.0,0.0,0.0,0.0,0.0,0.0,0.0,0.0,0.0,0.0,0.0,0.0,0.0,0.0,0.0,0.0,0.0,0.0,0.0,0.0,0.0,0.0,0.0,0.0,0.0,0.0,0.0,0.0,0.0,0.0,0.0,0.0,0.0,0.0,0.0,0.0,0.0,0.0,0.0,0.0,0.0,0.0,0.0,0.0,0.5,1.8,-0.7,-0.2,5.19794444,-73.80466667,LENGUAZAQUE
0,0,0,0,0,0,0,0,0,0,0,35075090,0.0,0.0,0.0,0.0,0.0,0.0,0.0,0.0,0.0,0.0,0.0,0.0,0.0,0.0,0.0,0.0,0.0,0.0,0.0,0.919,0.0,0.0,0.844,0.0,0.0,0.0,-0.948,0.0,0.0,0.548,0.0,0.0,0.0,-0.908,0.0,0.0,0.0,0.0,0.0,0.0,0.0,0.0,0.0,0.0,0.0,0.0,0.0,0.0,-0.978,0.0,0.0,0.0,0.0,0.0,0.0,0.2,1.5,-0.6,-0.1,5.08333333,-73.65,MACHETÁ
0,0,0,0,0,0,0,0,0,0,0,21205516,0.0,0.0,0.0,0.0,0.0,0.0,0.0,0.0,0.0,0.0,0.0,0.0,0.0,0.0,0.0,0.0,0.0,0.0,0.0,-0.91,0.0,0.0,0.364,0.0,0.0,0.0,0.308,0.0,0.0,-0.834,0.0,0.0,0.0,-0.93,0.0,0.0,0.0,0.0,0.0,0.0,0.0,0.0,0.0,0.0,0.0,0.0,0.0,0.0,0.3,0.0,0.0,0.0,0.0,0.0,0.0,0.6,1.8,-0.7,-0.1,5.17269444,-73.85177778,PACHO
0,0,0,0,0,0,0,0,0,0,0,24015507,0.0,0.0,0.0,0.0,0.0,0.0,0.0,0.0,0.0,0.0,0.0,0.0,0.0,0.0,0.0,0.0,0.0,0.0,0.0,0.962,0.0,0.0,0.828,0.0,0.0,0.0,0.44,0.0,0.0,-0.32,0.0,0.0,0.0,-0.979,0.0,0.0,0.0,0.0,0.0,0.0,0.0,0.0,0.0,0.0,0.0,0.0,0.0,0.0,0.881,0.0,0.0,0.0,0.0,0.0,0.0,0.5,1.8,-0.7,-0.2,5.39227778,-73.85422222,SIMIJACA
0,0,0,0,0,0,0,0,0,0,0,23065507,0.0,0.0,0.0,0.0,0.0,0.0,0.0,0.0,0.0,0.0,0.0,0.0,0.0,0.0,0.0,0.0,0.0,0.0,0.0,0.0,0.0,0.0,0.0,0.0,0.0,0.0,0.0,0.0,0.0,0.0,0.0,0.0,0.0,0.0,0.0,0.0,0.0,0.0,0.0,0.0,0.0,0.0,0.0,0.0,0.0,0.0,0.0,0.0,0.0,0.0,0.0,0.0,0.0,0.0,0.0,0.5,1.8,-0.7,-0.2,5.12380556,-74.54361111,QUEBRADANEGRA
0,0,0,0,0,0,0,0,0,0,0,21205522,0.0,0.0,0.0,0.0,0.0,0.0,0.0,0.0,0.0,0.0,0.0,0.0,0.0,0.0,0.0,0.0,0.0,0.0,0.0,0.0,0.0,0.0,0.0,0.0,0.0,0.0,0.0,0.0,0.0,0.0,0.0,0.0,0.0,0.0,0.0,0.0,0.0,0.0,0.0,0.0,0.0,0.0,0.0,0.0,0.0,0.0,0.0,0.0,1.0,0.0,0.0,0.0,0.0,0.0,0.0,0.6,1.8,-0.7,-0.1,4.91832167,-74.02864944,TABIO
0,0,0,0,0,0,0,0,0,0,0,23065160,0.0,0.0,0.0,0.0,0.0,0.0,0.0,0.0,0.0,0.0,0.0,0.0,0.0,0.0,0.0,0.0,0.0,0.0,0.0,0.0,0.0,0.0,0.0,0.0,0.0,0.0,0.0,0.0,0.0,0.0,0.0,0.0,0.0,0.0,0.0,0.0,0.0,0.0,0.0,0.0,0.0,0.0,0.0,0.0,0.0,0.0,0.0,0.0,0.0,0.0,0.0,0.0,0.0,0.0,0.0,0.5,1.8,-0.7,-0.2,5.01666667,-74.33333333,LA VEGA
